{"cameraMode":{"drawMode":0,"name":"Shaded","section":"Shading Mode"},"sceneLighting":true,"audioPlay":false,"sceneViewState":{"m_AlwaysRefresh":true,"showFog":false,"showSkybox":true,"showFlares":true,"showImageEffects":true,"showParticleSystems":true,"showVisualEffectGraphs":true,"m_FxEnabled":true},"in2DMode":false,"pivot":{"x":106.40597534179688,"y":378.2322998046875,"z":-0.7091140747070313},"rotation":{"x":0.009307211264967919,"y":0.022492384538054467,"z":-0.0002094268420478329,"w":0.9997034668922424},"size":62.757469177246097,"orthographic":false}