{"cameraMode":{"drawMode":0,"name":"Shaded","section":"Shading Mode"},"sceneLighting":true,"audioPlay":false,"sceneViewState":{"m_AlwaysRefresh":true,"showFog":false,"showSkybox":true,"showFlares":true,"showImageEffects":true,"showParticleSystems":true,"showVisualEffectGraphs":true,"m_FxEnabled":true},"in2DMode":false,"pivot":{"x":225.7450714111328,"y":232.9503173828125,"z":29.01214599609375},"rotation":{"x":-0.046793386340141299,"y":0.000598519982304424,"z":-0.000027493406378198415,"w":-0.9989122152328491},"size":255.48497009277345,"orthographic":false}