{"cameraMode":{"drawMode":0,"name":"Shaded","section":"Shading Mode"},"sceneLighting":false,"audioPlay":false,"sceneViewState":{"m_AlwaysRefresh":true,"showFog":false,"showSkybox":false,"showFlares":true,"showImageEffects":true,"showParticleSystems":true,"showVisualEffectGraphs":true,"m_FxEnabled":true},"in2DMode":false,"pivot":{"x":6.722272872924805,"y":0.25355014204978945,"z":6.778887748718262},"rotation":{"x":-0.015677044168114663,"y":0.9840934872627258,"z":-0.1354798972606659,"w":-0.11387082189321518},"size":0.6563031673431397,"orthographic":false}