{"cameraMode":{"drawMode":0,"name":"Shaded","section":"Shading Mode"},"sceneLighting":false,"audioPlay":false,"sceneViewState":{"m_AlwaysRefresh":true,"showFog":false,"showSkybox":false,"showFlares":true,"showImageEffects":true,"showParticleSystems":true,"showVisualEffectGraphs":true,"m_FxEnabled":true},"in2DMode":false,"pivot":{"x":0.775397539138794,"y":0.8090102672576904,"z":0.25221681594848635},"rotation":{"x":-0.21544958651065827,"y":0.07520118355751038,"z":-0.016643567010760309,"w":-0.9734728336334229},"size":1.4001219272613526,"orthographic":false}