{"cameraMode":{"drawMode":0,"name":"Shaded","section":"Shading Mode"},"sceneLighting":false,"audioPlay":false,"sceneViewState":{"m_AlwaysRefresh":true,"showFog":false,"showSkybox":false,"showFlares":true,"showImageEffects":true,"showParticleSystems":true,"showVisualEffectGraphs":true,"m_FxEnabled":true},"in2DMode":false,"pivot":{"x":0.5090000629425049,"y":0.09799998998641968,"z":-0.5090000629425049},"rotation":{"x":-0.31289276480674746,"y":0.6258353590965271,"z":-0.3025515079498291,"w":-0.6472243070602417},"size":0.6928233504295349,"orthographic":false}