{"cameraMode":{"drawMode":0,"name":"Shaded","section":"Shading Mode"},"sceneLighting":false,"audioPlay":false,"sceneViewState":{"m_AlwaysRefresh":true,"showFog":false,"showSkybox":false,"showFlares":true,"showImageEffects":true,"showParticleSystems":true,"showVisualEffectGraphs":true,"m_FxEnabled":true},"in2DMode":false,"pivot":{"x":0.3036905527114868,"y":0.40014564990997317,"z":-0.21950408816337586},"rotation":{"x":-0.2551663815975189,"y":0.6020903587341309,"z":-0.21149757504463197,"w":-0.7263985872268677},"size":0.7152482271194458,"orthographic":false}