{"cameraMode":{"drawMode":0,"name":"Shaded","section":"Shading Mode"},"sceneLighting":false,"audioPlay":false,"sceneViewState":{"m_AlwaysRefresh":true,"showFog":false,"showSkybox":false,"showFlares":true,"showImageEffects":true,"showParticleSystems":true,"showVisualEffectGraphs":true,"m_FxEnabled":true},"in2DMode":false,"pivot":{"x":4.747598171234131,"y":-0.0036764144897460939,"z":5.325617790222168},"rotation":{"x":0.03318105638027191,"y":0.906362771987915,"z":-0.41492021083831789,"w":0.0724826529622078},"size":0.6928233504295349,"orthographic":false}