{"cameraMode":{"drawMode":0,"name":"Shaded","section":"Shading Mode"},"sceneLighting":false,"audioPlay":false,"sceneViewState":{"m_AlwaysRefresh":true,"showFog":false,"showSkybox":false,"showFlares":true,"showImageEffects":true,"showParticleSystems":true,"showVisualEffectGraphs":true,"m_FxEnabled":true},"in2DMode":false,"pivot":{"x":5.652544021606445,"y":0.0030117034912109377,"z":-4.356168270111084},"rotation":{"x":0.03318105638027191,"y":0.906362771987915,"z":-0.41492021083831789,"w":0.0724826529622078},"size":0.6928233504295349,"orthographic":false}