{"cameraMode":{"drawMode":0,"name":"Shaded","section":"Shading Mode"},"sceneLighting":false,"audioPlay":false,"sceneViewState":{"m_AlwaysRefresh":true,"showFog":false,"showSkybox":false,"showFlares":true,"showImageEffects":true,"showParticleSystems":true,"showVisualEffectGraphs":true,"m_FxEnabled":true},"in2DMode":false,"pivot":{"x":0.5109999775886536,"y":0.48000001907348635,"z":-0.5569999814033508},"rotation":{"x":-0.34790730476379397,"y":0.6221368908882141,"z":-0.3593655824661255,"w":-0.6023000478744507},"size":0.4330126941204071,"orthographic":false}